node_name,regime
Clonotype_10937|TCAGATGAGATGTGGC-1|seq11,IGHA1
Clonotype_10937|CCTAGCTGTCTTGCGG-1|seq5,IGHG1
Clonotype_10937|TAGTGGTGTCGGCTCA-1|seq10,IGHA1
Clonotype_10937|CGCTGGATCTTCAACT-1|seq6,IGHA1
Clonotype_10937|CGCTTCAAGTGTTTGC-1|seq7,IGHG3
Clonotype_10937|ATTACTCGTTCGCTAA-1|seq1,IGHG1
Clonotype_10937|CATGGCGAGTGTCTCA-1|seq4,IGHM
Clonotype_10937|CACCAGGTCACCGGGT-1|seq3,IGHA1
Clonotype_10937|CAAGATCCACTTGGAT-1|seq2,IGHA1
Clonotype_10937|CTCGGAGTCCTTTCTC-1|seq8,IGHG1
Clonotype_10937|TTTGCGCGTAAAGTCA-1|seq12,IGHG1
n1,IGHA1
n2,IGHA1
n3,IGHA1
n4,IGHA1
n5,IGHA1
n6,IGHA1
n7,IGHG1
n8,IGHA1
n9,IGHA1
n10,IGHA1
